<?xml version="1.0" encoding="UTF-8"?>
<projectDescription>
	<name>core</name>
	<comment></comment>
	<projects>
	</projects>
	<buildSpec>
		<buildCommand>
			<name>org.eclipse.wst.validation.validationbuilder</name>
			<arguments>
			</arguments>
		</buildCommand>
		<buildCommand>
			<name>org.eclipse.dltk.core.scriptbuilder</name>
			<arguments>
			</arguments>
		</buildCommand>
	</buildSpec>
	<natures>
		<nature>org.eclipse.php.core.PHPNature</nature>
	</natures>
</projectDescription>
